<?xml version="1.0" encoding="UTF-8"?><InteractionHistory Id="activity" Version="1"><InteractionEvent Delta="started" EndDate="2007-10-09 10:10:17.108 BST" Interest="1.0" Kind="attention" Navigation="" OriginId="org.eclipse.ui.workbench" StartDate="2007-10-09 10:10:17.108 BST" StructureHandle="org.eclipse.sdk.ide" StructureKind="lifecycle"/><InteractionEvent Delta="stopped" EndDate="2007-10-09 14:58:23.992 BST" Interest="1.0" Kind="attention" Navigation="" OriginId="org.eclipse.ui.workbench" StartDate="2007-10-09 14:58:23.992 BST" StructureHandle="org.eclipse.sdk.ide" StructureKind="lifecycle"/><InteractionEvent Delta="started" EndDate="2007-10-09 15:28:07.946 BST" Interest="1.0" Kind="attention" Navigation="" OriginId="org.eclipse.ui.workbench" StartDate="2007-10-09 15:28:07.946 BST" StructureHandle="org.eclipse.sdk.ide" StructureKind="lifecycle"/><InteractionEvent Delta="stopped" EndDate="2007-10-09 16:17:35.655 BST" Interest="1.0" Kind="attention" Navigation="" OriginId="org.eclipse.ui.workbench" StartDate="2007-10-09 16:17:35.655 BST" StructureHandle="org.eclipse.sdk.ide" StructureKind="lifecycle"/><InteractionEvent Delta="started" EndDate="2007-10-10 14:03:12.39 BST" Interest="1.0" Kind="attention" Navigation="" OriginId="org.eclipse.ui.workbench" StartDate="2007-10-10 14:03:12.39 BST" StructureHandle="org.eclipse.sdk.ide" StructureKind="lifecycle"/><InteractionEvent Delta="stopped" EndDate="2007-10-10 16:16:03.53 BST" Interest="1.0" Kind="attention" Navigation="" OriginId="org.eclipse.ui.workbench" StartDate="2007-10-10 16:16:03.53 BST" StructureHandle="org.eclipse.sdk.ide" StructureKind="lifecycle"/><InteractionEvent Delta="started" EndDate="2007-10-11 12:57:04.604 BST" Interest="1.0" Kind="attention" Navigation="" OriginId="org.eclipse.ui.workbench" StartDate="2007-10-11 12:57:04.603 BST" StructureHandle="org.eclipse.sdk.ide" StructureKind="lifecycle"/><InteractionEvent Delta="started" EndDate="2007-10-11 15:32:06.819 BST" Interest="1.0" Kind="attention" Navigation="" OriginId="org.eclipse.ui.workbench" StartDate="2007-10-11 15:32:06.818 BST" StructureHandle="org.eclipse.sdk.ide" StructureKind="lifecycle"/><InteractionEvent Delta="stopped" EndDate="2007-10-11 15:51:56.843 BST" Interest="1.0" Kind="attention" Navigation="" OriginId="org.eclipse.ui.workbench" StartDate="2007-10-11 15:51:56.843 BST" StructureHandle="org.eclipse.sdk.ide" StructureKind="lifecycle"/><InteractionEvent Delta="started" EndDate="2007-10-11 20:11:58.597 BST" Interest="1.0" Kind="attention" Navigation="" OriginId="org.eclipse.ui.workbench" StartDate="2007-10-11 20:11:58.597 BST" StructureHandle="org.eclipse.sdk.ide" StructureKind="lifecycle"/><InteractionEvent Delta="stopped" EndDate="2007-10-11 22:00:27.978 BST" Interest="1.0" Kind="attention" Navigation="" OriginId="org.eclipse.ui.workbench" StartDate="2007-10-11 22:00:27.978 BST" StructureHandle="org.eclipse.sdk.ide" StructureKind="lifecycle"/><InteractionEvent Delta="started" EndDate="2007-10-12 08:25:23.459 BST" Interest="1.0" Kind="attention" Navigation="" OriginId="org.eclipse.ui.workbench" StartDate="2007-10-12 08:25:23.459 BST" StructureHandle="org.eclipse.sdk.ide" StructureKind="lifecycle"/><InteractionEvent Delta="stopped" EndDate="2007-10-12 15:03:17.45 BST" Interest="1.0" Kind="attention" Navigation="" OriginId="org.eclipse.ui.workbench" StartDate="2007-10-12 15:03:17.45 BST" StructureHandle="org.eclipse.sdk.ide" StructureKind="lifecycle"/><InteractionEvent Delta="started" EndDate="2007-10-15 08:23:23.183 BST" Interest="1.0" Kind="attention" Navigation="" OriginId="org.eclipse.ui.workbench" StartDate="2007-10-15 08:23:23.183 BST" StructureHandle="org.eclipse.sdk.ide" StructureKind="lifecycle"/><InteractionEvent Delta="stopped" EndDate="2007-10-15 08:36:08.841 BST" Interest="1.0" Kind="attention" Navigation="" OriginId="org.eclipse.ui.workbench" StartDate="2007-10-15 08:36:08.841 BST" StructureHandle="org.eclipse.sdk.ide" StructureKind="lifecycle"/><InteractionEvent Delta="started" EndDate="2007-10-15 08:52:25.641 BST" Interest="1.0" Kind="attention" Navigation="" OriginId="org.eclipse.ui.workbench" StartDate="2007-10-15 08:52:25.641 BST" StructureHandle="org.eclipse.sdk.ide" StructureKind="lifecycle"/><InteractionEvent Delta="stopped" EndDate="2007-10-15 09:02:06.316 BST" Interest="1.0" Kind="attention" Navigation="" OriginId="org.eclipse.ui.workbench" StartDate="2007-10-15 09:02:06.316 BST" StructureHandle="org.eclipse.sdk.ide" StructureKind="lifecycle"/><InteractionEvent Delta="started" EndDate="2007-10-16 09:27:09.748 BST" Interest="1.0" Kind="attention" Navigation="" OriginId="org.eclipse.ui.workbench" StartDate="2007-10-16 09:27:09.748 BST" StructureHandle="org.eclipse.sdk.ide" StructureKind="lifecycle"/><InteractionEvent Delta="stopped" EndDate="2007-10-16 16:34:13.53 BST" Interest="1.0" Kind="attention" Navigation="" OriginId="org.eclipse.ui.workbench" StartDate="2007-10-16 16:34:13.53 BST" StructureHandle="org.eclipse.sdk.ide" StructureKind="lifecycle"/><InteractionEvent Delta="started" EndDate="2007-10-17 08:36:32.464 BST" Interest="1.0" Kind="attention" Navigation="" OriginId="org.eclipse.ui.workbench" StartDate="2007-10-17 08:36:32.464 BST" StructureHandle="org.eclipse.sdk.ide" StructureKind="lifecycle"/><InteractionEvent Delta="stopped" EndDate="2007-10-17 09:28:24.317 BST" Interest="1.0" Kind="attention" Navigation="" OriginId="org.eclipse.ui.workbench" StartDate="2007-10-17 09:28:24.317 BST" StructureHandle="org.eclipse.sdk.ide" StructureKind="lifecycle"/><InteractionEvent Delta="started" EndDate="2007-10-17 11:14:08.698 BST" Interest="1.0" Kind="attention" Navigation="" OriginId="org.eclipse.ui.workbench" StartDate="2007-10-17 11:14:08.698 BST" StructureHandle="org.eclipse.sdk.ide" StructureKind="lifecycle"/><InteractionEvent Delta="stopped" EndDate="2007-10-17 12:22:09.134 BST" Interest="1.0" Kind="attention" Navigation="" OriginId="org.eclipse.ui.workbench" StartDate="2007-10-17 12:22:09.134 BST" StructureHandle="org.eclipse.sdk.ide" StructureKind="lifecycle"/><InteractionEvent Delta="started" EndDate="2007-10-17 12:47:28.290 BST" Interest="1.0" Kind="attention" Navigation="" OriginId="org.eclipse.ui.workbench" StartDate="2007-10-17 12:47:28.290 BST" StructureHandle="org.eclipse.sdk.ide" StructureKind="lifecycle"/><InteractionEvent Delta="stopped" EndDate="2007-10-17 16:22:29.56 BST" Interest="1.0" Kind="attention" Navigation="" OriginId="org.eclipse.ui.workbench" StartDate="2007-10-17 16:22:29.56 BST" StructureHandle="org.eclipse.sdk.ide" StructureKind="lifecycle"/><InteractionEvent Delta="started" EndDate="2007-10-18 08:37:30.94 BST" Interest="1.0" Kind="attention" Navigation="" OriginId="org.eclipse.ui.workbench" StartDate="2007-10-18 08:37:30.94 BST" StructureHandle="org.eclipse.sdk.ide" StructureKind="lifecycle"/><InteractionEvent Delta="stopped" EndDate="2007-10-18 15:03:46.77 BST" Interest="1.0" Kind="attention" Navigation="" OriginId="org.eclipse.ui.workbench" StartDate="2007-10-18 15:03:46.77 BST" StructureHandle="org.eclipse.sdk.ide" StructureKind="lifecycle"/><InteractionEvent Delta="started" EndDate="2007-10-19 09:19:25.295 BST" Interest="1.0" Kind="attention" Navigation="" OriginId="org.eclipse.ui.workbench" StartDate="2007-10-19 09:19:25.295 BST" StructureHandle="org.eclipse.sdk.ide" StructureKind="lifecycle"/><InteractionEvent Delta="stopped" EndDate="2007-10-19 15:00:20.421 BST" Interest="1.0" Kind="attention" Navigation="" OriginId="org.eclipse.ui.workbench" StartDate="2007-10-19 15:00:20.421 BST" StructureHandle="org.eclipse.sdk.ide" StructureKind="lifecycle"/><InteractionEvent Delta="started" EndDate="2007-10-30 11:23:11.53 GMT" Interest="1.0" Kind="attention" Navigation="" OriginId="org.eclipse.ui.workbench" StartDate="2007-10-30 11:23:11.53 GMT" StructureHandle="org.eclipse.sdk.ide" StructureKind="lifecycle"/><InteractionEvent Delta="stopped" EndDate="2007-10-30 16:12:56.144 GMT" Interest="1.0" Kind="attention" Navigation="" OriginId="org.eclipse.ui.workbench" StartDate="2007-10-30 16:12:56.144 GMT" StructureHandle="org.eclipse.sdk.ide" StructureKind="lifecycle"/></InteractionHistory>