<?xml version="1.0" encoding="UTF-8"?><InteractionHistory Id="activity" Version="1"><InteractionEvent Delta="started" EndDate="2007-10-09 10:10:17.108 BST" Interest="1.0" Kind="attention" Navigation="" OriginId="org.eclipse.ui.workbench" StartDate="2007-10-09 10:10:17.108 BST" StructureHandle="org.eclipse.sdk.ide" StructureKind="lifecycle"/><InteractionEvent Delta="stopped" EndDate="2007-10-09 14:58:23.992 BST" Interest="1.0" Kind="attention" Navigation="" OriginId="org.eclipse.ui.workbench" StartDate="2007-10-09 14:58:23.992 BST" StructureHandle="org.eclipse.sdk.ide" StructureKind="lifecycle"/><InteractionEvent Delta="started" EndDate="2007-10-09 15:28:07.946 BST" Interest="1.0" Kind="attention" Navigation="" OriginId="org.eclipse.ui.workbench" StartDate="2007-10-09 15:28:07.946 BST" StructureHandle="org.eclipse.sdk.ide" StructureKind="lifecycle"/><InteractionEvent Delta="stopped" EndDate="2007-10-09 16:17:35.655 BST" Interest="1.0" Kind="attention" Navigation="" OriginId="org.eclipse.ui.workbench" StartDate="2007-10-09 16:17:35.655 BST" StructureHandle="org.eclipse.sdk.ide" StructureKind="lifecycle"/><InteractionEvent Delta="started" EndDate="2007-10-10 14:03:12.39 BST" Interest="1.0" Kind="attention" Navigation="" OriginId="org.eclipse.ui.workbench" StartDate="2007-10-10 14:03:12.39 BST" StructureHandle="org.eclipse.sdk.ide" StructureKind="lifecycle"/><InteractionEvent Delta="stopped" EndDate="2007-10-10 16:16:03.53 BST" Interest="1.0" Kind="attention" Navigation="" OriginId="org.eclipse.ui.workbench" StartDate="2007-10-10 16:16:03.53 BST" StructureHandle="org.eclipse.sdk.ide" StructureKind="lifecycle"/><InteractionEvent Delta="started" EndDate="2007-10-11 12:57:04.604 BST" Interest="1.0" Kind="attention" Navigation="" OriginId="org.eclipse.ui.workbench" StartDate="2007-10-11 12:57:04.603 BST" StructureHandle="org.eclipse.sdk.ide" StructureKind="lifecycle"/><InteractionEvent Delta="started" EndDate="2007-10-11 15:32:06.819 BST" Interest="1.0" Kind="attention" Navigation="" OriginId="org.eclipse.ui.workbench" StartDate="2007-10-11 15:32:06.818 BST" StructureHandle="org.eclipse.sdk.ide" StructureKind="lifecycle"/><InteractionEvent Delta="stopped" EndDate="2007-10-11 15:51:56.843 BST" Interest="1.0" Kind="attention" Navigation="" OriginId="org.eclipse.ui.workbench" StartDate="2007-10-11 15:51:56.843 BST" StructureHandle="org.eclipse.sdk.ide" StructureKind="lifecycle"/><InteractionEvent Delta="started" EndDate="2007-10-11 20:11:58.597 BST" Interest="1.0" Kind="attention" Navigation="" OriginId="org.eclipse.ui.workbench" StartDate="2007-10-11 20:11:58.597 BST" StructureHandle="org.eclipse.sdk.ide" StructureKind="lifecycle"/><InteractionEvent Delta="stopped" EndDate="2007-10-11 22:00:27.978 BST" Interest="1.0" Kind="attention" Navigation="" OriginId="org.eclipse.ui.workbench" StartDate="2007-10-11 22:00:27.978 BST" StructureHandle="org.eclipse.sdk.ide" StructureKind="lifecycle"/><InteractionEvent Delta="started" EndDate="2007-10-12 08:25:23.459 BST" Interest="1.0" Kind="attention" Navigation="" OriginId="org.eclipse.ui.workbench" StartDate="2007-10-12 08:25:23.459 BST" StructureHandle="org.eclipse.sdk.ide" StructureKind="lifecycle"/><InteractionEvent Delta="stopped" EndDate="2007-10-12 15:03:17.45 BST" Interest="1.0" Kind="attention" Navigation="" OriginId="org.eclipse.ui.workbench" StartDate="2007-10-12 15:03:17.45 BST" StructureHandle="org.eclipse.sdk.ide" StructureKind="lifecycle"/><InteractionEvent Delta="started" EndDate="2007-10-15 08:23:23.183 BST" Interest="1.0" Kind="attention" Navigation="" OriginId="org.eclipse.ui.workbench" StartDate="2007-10-15 08:23:23.183 BST" StructureHandle="org.eclipse.sdk.ide" StructureKind="lifecycle"/><InteractionEvent Delta="stopped" EndDate="2007-10-15 08:36:08.841 BST" Interest="1.0" Kind="attention" Navigation="" OriginId="org.eclipse.ui.workbench" StartDate="2007-10-15 08:36:08.841 BST" StructureHandle="org.eclipse.sdk.ide" StructureKind="lifecycle"/><InteractionEvent Delta="started" EndDate="2007-10-15 08:52:25.641 BST" Interest="1.0" Kind="attention" Navigation="" OriginId="org.eclipse.ui.workbench" StartDate="2007-10-15 08:52:25.641 BST" StructureHandle="org.eclipse.sdk.ide" StructureKind="lifecycle"/><InteractionEvent Delta="stopped" EndDate="2007-10-15 09:02:06.316 BST" Interest="1.0" Kind="attention" Navigation="" OriginId="org.eclipse.ui.workbench" StartDate="2007-10-15 09:02:06.316 BST" StructureHandle="org.eclipse.sdk.ide" StructureKind="lifecycle"/></InteractionHistory>