<?xml version="1.0" encoding="UTF-8"?>
<!--

     Unit-API - Units of Measurement API for Java
     Copyright (c) 2005-2014, Jean-Marie Dautelle, Werner Keil, V2COM.

    All rights reserved.

    Redistribution and use in source and binary forms, with or without modification, are permitted provided that the following conditions are met:

    1. Redistributions of source code must retain the above copyright notice, this list of conditions and the following disclaimer.

    2. Redistributions in binary form must reproduce the above copyright notice, this list of conditions and the following disclaimer in the documentation and/or other materials provided with the distribution.

    3. Neither the name of JSR-363 nor the names of its contributors may be used to endorse or promote products derived from this software without specific prior written permission.

    THIS SOFTWARE IS PROVIDED BY THE COPYRIGHT HOLDERS AND CONTRIBUTORS "AS IS"
    AND ANY EXPRESS OR IMPLIED WARRANTIES, INCLUDING, BUT NOT LIMITED TO,
    THE IMPLIED WARRANTIES OF MERCHANTABILITY AND FITNESS FOR A PARTICULAR PURPOSE
    ARE DISCLAIMED. IN NO EVENT SHALL THE COPYRIGHT HOLDER OR CONTRIBUTORS BE LIABLE
    FOR ANY DIRECT, INDIRECT, INCIDENTAL, SPECIAL, EXEMPLARY, OR CONSEQUENTIAL DAMAGES
    (INCLUDING, BUT NOT LIMITED TO, PROCUREMENT OF SUBSTITUTE GOODS OR SERVICES;
    LOSS OF USE, DATA, OR PROFITS; OR BUSINESS INTERRUPTION) HOWEVER CAUSED
    AND ON ANY THEORY OF LIABILITY, WHETHER IN CONTRACT, STRICT LIABILITY, OR TORT
    (INCLUDING NEGLIGENCE OR OTHERWISE) ARISING IN ANY WAY OUT OF THE USE OF THIS SOFTWARE,
    EVEN IF ADVISED OF THE POSSIBILITY OF SUCH DAMAGE.

-->
<!DOCTYPE module PUBLIC "-//Puppy Crawl//DTD Check Configuration 1.3//EN" "http://www.puppycrawl.com/dtds/configuration_1_3.dtd">

<!--
    This configuration file was written by the eclipse-cs plugin configuration editor
-->
<!--
    Checkstyle-Configuration: Unit-API
    Description: none
-->
<module name="Checker">
  <property name="severity" value="warning"/>
  <module name="TreeWalker">
    <property name="tabWidth" value="4"/>
    <module name="FileContentsHolder"/>
    <module name="ConstantName">
      <property name="format" value="^[A-Z_][A-Z0-9]*(_[A-Z0-9]+)*$"/>
    </module>
    <module name="AvoidStarImport"/>
    <module name="EmptyBlock">
      <property name="tokens" value="LITERAL_DO,LITERAL_ELSE,LITERAL_FINALLY,LITERAL_IF,LITERAL_TRY,LITERAL_WHILE,STATIC_INIT"/>
    </module>
    <module name="EmptyForInitializerPad">
      <property name="option" value="space"/>
    </module>
    <module name="EmptyForIteratorPad">
      <property name="option" value="space"/>
    </module>
    <module name="EqualsHashCode"/>
    <module name="IllegalImport"/>
    <module name="IllegalInstantiation"/>
    <module name="JavadocType">
    </module>
    <module name="JavadocMethod">
      <property name="scope" value="package"/>
      <property name="excludeScope" value="anoninner"/>
      <property name="allowUndeclaredRTE" value="true"/>
    </module>
    <module name="JavadocVariable">
      <property name="excludeScope" value="anoninner"/>
    </module>
    <module name="LeftCurly"/>
    <module name="LineLength">
      <property name="ignorePattern" value="^ *\* *[^ ]+$"/>
      <property name="max" value="200"/>
    </module>
    <module name="LocalFinalVariableName"/>
    <module name="LocalVariableName"/>
    <module name="MemberName"/>
    <module name="MethodLength">
      <property name="max" value="250"/>
    </module>
    <module name="MethodName"/>
    <module name="ModifierOrder"/>
    <module name="NeedBraces">
      <property name="tokens" value="LITERAL_DO,LITERAL_ELSE,LITERAL_IF,LITERAL_WHILE"/>
    </module>
    <module name="NoWhitespaceAfter"/>
    <module name="NoWhitespaceBefore">
      <property name="allowLineBreaks" value="true"/>
      <property name="tokens" value="DOT"/>
    </module>
    <module name="OperatorWrap">
      <property name="option" value="eol"/>
      <property name="tokens" value="ASSIGN, DIV_ASSIGN, PLUS_ASSIGN, MINUS_ASSIGN, STAR_ASSIGN, MOD_ASSIGN, SR_ASSIGN, BSR_ASSIGN, SL_ASSIGN, BXOR_ASSIGN, BOR_ASSIGN, BAND_ASSIGN"/>
    </module>
    <module name="PackageName"/>
    <module name="ParameterName"/>
    <module name="ParameterNumber">
      <property name="max" value="20"/>
    </module>
    <module name="ParenPad"/>
    <module name="RedundantImport"/>
    <module name="RedundantModifier"/>
    <module name="RightCurly"/>
    <module name="SimplifyBooleanReturn"/>
    <module name="StaticVariableName"/>
    <module name="TypeName"/>
    <module name="TypecastParenPad"/>
    <module name="UpperEll"/>
    <module name="VisibilityModifier">
      <property name="packageAllowed" value="true"/>
    </module>
    <module name="WhitespaceAfter"/>
    <module name="WhitespaceAround">
      <property name="tokens" value="ASSIGN, BAND, BAND_ASSIGN, BOR, BOR_ASSIGN, BSR, BSR_ASSIGN, BXOR, BXOR_ASSIGN, COLON, DIV, DIV_ASSIGN, EQUAL, GE, GT, LAND, LCURLY, LE, LITERAL_ASSERT, LITERAL_CATCH, LITERAL_DO, LITERAL_ELSE, LITERAL_FINALLY, LITERAL_FOR, LITERAL_IF, LITERAL_RETURN, LITERAL_SYNCHRONIZED, LITERAL_TRY, LITERAL_WHILE, LOR, LT, MINUS, MINUS_ASSIGN, MOD, MOD_ASSIGN, NOT_EQUAL, PLUS, PLUS_ASSIGN, QUESTION, RCURLY, SL, SLIST, SL_ASSIGN, SR, SR_ASSIGN, STAR, STAR_ASSIGN"/>
    </module>
    <module name="AnnotationUseStyle"/>
    <module name="MissingDeprecated"/>
    <module name="PackageAnnotation"/>
    <module name="SuppressWarnings"/>
    <module name="JavadocStyle"/>
    <module name="ClassTypeParameterName"/>
    <module name="MethodTypeParameterName"/>
    <module name="ImportOrder">
      <property name="option" value="top" />
    </module>
    <module name="GenericWhitespace"/>
    <module name="MethodParamPad"/>
    <module name="CovariantEquals"/>
    <module name="DefaultComesLast"/>
    <module name="ExplicitInitialization"/>
    <module name="FallThrough"/>
    <module name="JUnitTestCase"/>
    <module name="FinalClass"/>
    <module name="HideUtilityClassConstructor"/>
    <module name="InterfaceIsType"/>
    <module name="MutableException"/>
    <module name="ArrayTypeStyle"/>
  </module>
  <!-- module name="SuppressionFilter">
    <property name="file" value="${basedir}/suppressions.xml"/>
  </module  -->
  <module name="SuppressionCommentFilter">
    <property name="offCommentFormat" value="CSOFF\: ([\w\|]+)"/>
    <property name="onCommentFormat" value="CSON\: ([\w\|]+)"/>
    <property name="checkFormat" value="$1"/>
  </module>
  <module name="FileLength">
    <property name="max" value="3000"/>
  </module>
  <module name="JavadocPackage">
    <property name="allowLegacy" value="true" />
  </module>
  <module name="FileTabCharacter"/>
</module>
