<?xml version="1.0" encoding="UTF-8"?><InteractionHistory Id="activity" Version="1"><InteractionEvent Delta="started" EndDate="2007-11-01 12:46:39.546 GMT" Interest="1.0" Kind="command" Navigation="" OriginId="org.eclipse.mylyn.core" StartDate="2007-11-01 12:46:39.546 GMT" StructureHandle="lifecycle" StructureKind="context"/><InteractionEvent Delta="activated" EndDate="2007-11-01 13:02:24.485 GMT" Interest="1.0" Kind="command" Navigation="" OriginId="org.eclipse.mylyn.core" StartDate="2007-11-01 12:47:45.875 GMT" StructureHandle="attention" StructureKind="context"/><InteractionEvent Delta="activated" EndDate="2007-11-01 13:16:06.328 GMT" Interest="1.0" Kind="command" Navigation="" OriginId="org.eclipse.mylyn.core" StartDate="2007-11-01 13:16:06.312 GMT" StructureHandle="local-3" StructureKind="context"/><InteractionEvent Delta="activated" EndDate="2007-11-01 13:43:44.1 GMT" Interest="1.0" Kind="command" Navigation="" OriginId="org.eclipse.mylyn.core" StartDate="2007-11-01 13:15:53.781 GMT" StructureHandle="attention" StructureKind="context"/><InteractionEvent Delta="deactivated" EndDate="2007-11-01 14:04:00.828 GMT" Interest="1.0" Kind="command" Navigation="" OriginId="org.eclipse.mylyn.core" StartDate="2007-11-01 14:04:00.828 GMT" StructureHandle="attention" StructureKind="context"/><InteractionEvent Delta="deactivated" EndDate="2007-11-01 14:04:00.937 GMT" Interest="1.0" Kind="command" Navigation="" OriginId="org.eclipse.mylyn.core" StartDate="2007-11-01 14:04:00.937 GMT" StructureHandle="local-3" StructureKind="context"/><InteractionEvent Delta="started" EndDate="2007-11-01 14:14:56.859 GMT" Interest="1.0" Kind="command" Navigation="" OriginId="org.eclipse.mylyn.core" StartDate="2007-11-01 14:14:56.859 GMT" StructureHandle="lifecycle" StructureKind="context"/><InteractionEvent Delta="deactivated" EndDate="2007-11-01 14:14:59.578 GMT" Interest="1.0" Kind="command" Navigation="" OriginId="org.eclipse.mylyn.core" StartDate="2007-11-01 14:14:59.578 GMT" StructureHandle="local-3" StructureKind="context"/><InteractionEvent Delta="activated" EndDate="2007-11-01 14:15:01.562 GMT" Interest="1.0" Kind="command" Navigation="" OriginId="org.eclipse.mylyn.core" StartDate="2007-11-01 14:15:01.562 GMT" StructureHandle="local-3" StructureKind="context"/><InteractionEvent Delta="activated" EndDate="2007-11-01 15:12:11.609 GMT" Interest="1.0" Kind="command" Navigation="" OriginId="org.eclipse.mylyn.core" StartDate="2007-11-01 14:16:22.703 GMT" StructureHandle="attention" StructureKind="context"/></InteractionHistory>